Script,Average Reward per Episode,Final Debt after Trials,Final Savings after Trials
random_action.py,11437.426121525552,1853.1421940284501,16716.444325225973
q_learning.py,14501.571604531837,1431.0100616682303,23684.65658616386
improved_q_learning.py,36559.55810839231,1998.892891428572,22948.76904987742
