Episode,Cumulative Reward
0,16251.692021572397
1,10000.226106540142
2,19161.19476399171
3,10316.125628531978
4,22698.975822442437
5,18452.167730301713
6,8846.465537654467
7,12920.910540639
8,23127.65399650151
9,17774.63860657548
