Episode,Cumulative Reward
0,15031.390966785606
1,4086.0582707572707
2,11421.237250675831
3,16114.739560987808
4,6288.226655425962
5,7081.653772692756
6,9841.833944129392
7,2901.386154249587
8,16955.841314424782
9,-992.4642151754248
